{"cameraMode":{"drawMode":0,"name":"Shaded","section":"Shading Mode"},"sceneLighting":true,"audioPlay":false,"sceneViewState":{"showFog":true,"showMaterialUpdate":false,"showSkybox":true,"showFlares":true,"showImageEffects":true,"showParticleSystems":true},"in2DMode":false,"pivot":{"x":-6.940690994262695,"y":3.099897623062134,"z":-3.6220507621765138},"rotation":{"x":0.26093319058418276,"y":-0.16269125044345857,"z":0.044624779373407367,"w":0.9505614042282105},"size":2.6325366497039797,"orthographic":false}