{"cameraMode":{"drawMode":0,"name":"Shaded","section":"Shading Mode"},"sceneLighting":true,"audioPlay":false,"sceneViewState":{"showFog":true,"showMaterialUpdate":false,"showSkybox":true,"showFlares":true,"showImageEffects":true,"showParticleSystems":true},"in2DMode":false,"pivot":{"x":-7.343820095062256,"y":6.4147257804870609,"z":0.5515289306640625},"rotation":{"x":0.09124311804771424,"y":-0.14881402254104615,"z":0.013750620186328888,"w":0.984607994556427},"size":9.903079986572266,"orthographic":false}