{"cameraMode":{"drawMode":0,"name":"Shaded","section":"Shading Mode"},"sceneLighting":false,"audioPlay":false,"sceneViewState":{"showFog":true,"showMaterialUpdate":false,"showSkybox":false,"showFlares":true,"showImageEffects":true,"showParticleSystems":true},"in2DMode":false,"pivot":{"x":-0.195731520652771,"y":6.0147247314453129,"z":-0.8353108167648315},"rotation":{"x":0.007845619693398476,"y":-0.3550823926925659,"z":0.002993824891746044,"w":0.9348467588424683},"size":0.5961050987243652,"orthographic":false}