{"cameraMode":{"drawMode":0,"name":"Shaded","section":"Shading Mode"},"sceneLighting":false,"audioPlay":false,"sceneViewState":{"showFog":true,"showMaterialUpdate":false,"showSkybox":false,"showFlares":true,"showImageEffects":true,"showParticleSystems":true},"in2DMode":false,"pivot":{"x":26.721532821655275,"y":-17.923099517822267,"z":27.943628311157228},"rotation":{"x":0.3653371036052704,"y":0.04326122999191284,"z":-0.017011966556310655,"w":0.9297713041305542},"size":5.196152210235596,"orthographic":false}