{"cameraMode":{"drawMode":0,"name":"Shaded","section":"Shading Mode"},"sceneLighting":true,"audioPlay":false,"sceneViewState":{"showFog":true,"showMaterialUpdate":false,"showSkybox":true,"showFlares":true,"showImageEffects":true,"showParticleSystems":true},"in2DMode":false,"pivot":{"x":-5.662473201751709,"y":0.7252658605575562,"z":-1.4819060564041138},"rotation":{"x":-0.2603479325771332,"y":0.5945774912834168,"z":-0.2118704468011856,"w":-0.7306217551231384},"size":3.292604684829712,"orthographic":false}